Type,Message
spam,"Luckily I got you an even BETTER coupon code ai7off that gets you $7 OFF the current launch price... Use it here:
Stoodaio - when real AI meets video creation - Enable images...
https://www.spinrewriter.com/stoodaio
"
spam,National Instruments has been a top 100 employer of choice and best places to work by Forbes with 6000+ employees in 40 Countries
spam,"Confederation of Indian Industry (CII) in partnership with Ministry of Commerce & Industry, Government of India is organizing the CII’s annual flagship event - 27th Partnership Summit 2021 on a digital platform from 13 - 15 December 2021. This is being held under the Chairmanship of Mr Piyush Goyal, Minister for Commerce & Industry, Textiles, Consumer Affairs, Food & Public Distribution, Government of India."
spam,"The Summit has shaped up well and there are over 17 Indian and Overseas Ministers who are confirmed to address at the Summit. In addition, over 130 International speakers including several heads of Multilaterals, Global CEOs would be sharing their perspectives in various sessions."
spam,"And tons of similar other questions concerning Data Science can find a better explanation when asked to the right person. And that is the reason why we are arranging this Alumni meet session with Ms. Sonia Kola, a Data Scientist."
spam,"If you've fixed up your writing and are ready to fire it out to 550+ global news outlets and 2,000+ media endpoints, get your best press release plans from us today... or tomorrow, but not too late!"
spam,Check out 10 vacancies matching your job alert raju
spam,"Java Developer - Fresher
Tileti Eemeze Soft Tech(India) Pvt.lTD

0 to 2 Yrs | [Salary Hidden]
Hyderabad
java, mysql, jsp, hibernate, spr...more"
spam,Mahindra Comviva is a subsidiary of Tech Mahindra and a part of the $16. 9 billion Mahindra Group
spam,"
Hey,

If you've ever tried to make a marketing video, you'll agree:

Putting together promo videos is THE WORST, isn't it?
Stoodaio takes care of bee's knees for you - Enable images...

It's just one big headache, from start to finish…"
spam,"Now, Postaga has a spreadsheet-style view for you, helping you to more easily manage and edit your outreach contacts. It has all of your contacts' relevant values filled in automatically, letting you easily edit them before you send!"
spam,Cloud DevJam is here with the Challenge Series for you to upskill on Google Cloud and win exciting rewards in your learning journey!
spam,Please find below the jobs that match your current profile at myamcat.com
spam,Cloud DevJam is here with the Challenge Series for you to upskill on Google Cloud and win exciting rewards in your learning journey!
spam,"
Hi ,

Want a successful press release published out? Then you’ll definitely need a

Excellent news write-up + Great distribution service

An excellent news write-up is when you know what the trend of attractive press releases is like. There’s too much to actually list out so we're just going to share with you guys this chart over here:"
spam,"The Advanced Data Science for Managers will provide a comprehensive set of software, tools and techniques and frameworks required to understand the data structure, data visualisation, pre-processing of the data, and necessary skill-set of data modelling. The learning journey of 1-year includes live-online sessions with renowned faculty at IIM Kozhikode."
spam,"
logo

Get ready for Cloud
DevJam challenge
series

Join now
Hello Raju M M,

Cloud DevJam is here with the Challenge Series for you to upskill on Google Cloud and win exciting rewards in your learning journey!"
spam,Congratulations! You have successfully registered with us and it’s awesome to have you as a part of the Appy Pie family.
spam,TimesJobs presents exclusive articles that will help you remain relevant in the job market. Hope you enjoy reading these.
spam,Do you also work with c.lients but are unable to generate desirable r.esults for yourself and for your c.lients? Then you are just at the right place at the very right time.
spam,"Start your career with TATA AIG Health Insurance company, Salary 3.25Lakh + incentives*. The Young Achievers Programme by TATA AIG is a one year PG Diploma Program in Health Insurance."
spam,Anant is just 20 years old now but has already made a big name in the digital space by working with big brands like Paytm as well as Amazon. He has even worked with c.lients who have paid him a massive amount of 13+ L.akhs just for a single project.
spam,"Get Our Premium 17 HTML5 Templates @96% Discount!

Offer is valid until November 30th. No promo code is needed!"
spam,"Dear Candidate,

Capgemini is Hiring For Technical Engineer. With reference to this job opening and the interview schedule"
spam,"Get Our Premium 17 HTML5 Templates @96% Discount!

Offer is valid until November 30th. No promo code is needed!"
spam,IIT Roorkee's Full Stack Software Development Program with Dedicated Career Assistance | Apply Now
spam,"We put together the BIGGEST discount EVER.
Get yearly access to Spin Rewriter 70% OFF."
spam,Your job application process for the position of Engineer- Product & Support is completed.
spam,"Today's Job Recommendations for you. If the below Jobs are not matching, you must consider to Review & Update your profile information."
spam,TimesJobs presents exclusive articles that will help you remain relevant in the job market. Hope you enjoy reading these.
spam,Start your career with TATA AIG Health Insurance company with attractive Salary 3.25 LPA - 3.75 LPA + Incentives can make upto 2.25 lakhs per quarter*
spam,"""Less than two-thirds (64%) of small b.usinesses have a website""."
spam,"and they would gladly pay you 30-40K a month. And that too only from 1 client. The truth is that you can easily work with 3-4 clients at the same time. That means, 30-40K multiplied 4 every single month."
spam,"This is literally s.hocking... I mean just think about this -
1 out of 3 doesn't even have a website. That too in today's digital age in which every single person first prefers to check everything online before doing anything.
"
spam,"
Recruitment of Engineers- Freshers & Experienced
BE BTech - All Branches, MCA
We have received your CV. You are provisionally selected for the interview
View Details H"
spam,"raju mavinmar,Get-your insta EMI Card in 30Seconds"
spam,"It contains almost 80% lessons, modules & the resources that we have inside the main TD program...

... yet you get access to it for almost 50% of the p.rice of the main TD program."
spam,"Raju, 33 Jobs Matching your Alert-""Java, iot,c,Embedded Programming"
spam,"Hello raju ,
We found 15 new jobs for you. Click on the following jobs to apply"
spam,How To Build Backlinks That SKYROCKET Your Google Maps Rankings
spam,"Hi Raju, Google is hiring graduates for software engineer profile; check more details inside"
spam,"Joining confirmed - view job profile
"
spam,"New jobs from Value Research India, PKWARE and Novelvox Softwares India"
spam,"Raju, 56 Jobs Matching your Alert-""Java, iot,c,Embedded Programming,""
"
spam,check out jobs applied by other Data scientist/ML Developer
spam,"Hey, SEO Pro!

​

Chase here...

​

One of our Shine Ranker tool users recommended that I make a video on how to rank #1 on Google maps"
spam,Cheapest way to be a millionaire.!
spam,"I am Reverend father David Nolan, a sick man who was diagnosed with cancer six years ago. My main reason for contacting you is because I want to entrust a charity project to you, I know this may sound so strange to you and also extremely risky for me to offer such a proposal to a total stranger via email but this is my last resort to get this done. I am looking for a confidant, someone to help fulfil my last wish."
spam,"I am Reverend father David Nolan, a sick man who was diagnosed with cancer six years ago. My main reason for contacting you is because I want to entrust a charity project to you, I know this may sound so strange to you and also extremely risky for me to offer such a proposal to a total stranger via email but this is my last resort to get this done. I am looking for a confidant, someone to help fulfil my last wish."
spam," New year, new resume! 7 Things that hiring managers look for in a CV
"
spam,Sent you a work mail dated 01-Jan-2022
spam,Approval forBusiness loan is done- CheckNow
spam,"New jobs from Value Research India, PKWARE and Novelvox Softwares India"
spam,"Jobs Matching your Alert-""Java, iot,c,Embedded Programming,"""
spam,"check out jobs applied by other Data scientist/ML Developer
"
spam,You made our 2021 fantastic by making us a part of your stories. Thank you for choosing us. We wish you a wonderful year ahead. 
spam,"Now, the MarketersMEDIA team knows every one of you is probably riding the holiday mood and won't even be looking at your emails."
spam,"CTR SEO Complete Guide 2022 (Click Through Rate Optimization)
"
spam,"I am 100% sure beyond a shadow of doubt that the ""Timeline Domination"" program will help you achieve the next level of massive success that you are looking for."
spam,Timeline Domination - a really s.pecial program doors closing forever in just 2 hours.
spam,"This is somewhat heartbreaking because I will have to
close the g.ates on you soon."
spam,"
Hi ,

 
Can you believe it? We are already in the final day of the sales now. 1 MORE DAY and the 87% price drop will be GONE!"
spam,We would like to invite you to a FREE Webinar session on Future of Jobs: Most in-demand tech skills for 2022
spam,"
Hi raju,

There are 2 Types of people in this world:


The First Type - These are people who believe in positivity. They go ahead and take decisions even with limited knowledge due to their intuition."
spam," NTPC, Google, BEL and others are hiring; see last date & apply!"
spam,"
Hi raju,

Rs 4,834 s.pent on Facebook ads & rev.enue of Rs 19 Lac generated.
"
spam,"46 Jobs Matching your Alert-""Java, iot,c,Embedded Programming,"""
spam,New jobs for Java Spring Boot Persistent
spam,Marketing your app is important and we have just the right tips and strategies to guide you and help you get in front of the right audience. Check out these 5 posts today!
ham,Urgent requirement of Associate Solutions Engineer
ham,TRA & ZAVY - Backend Developer - AWS/Python/Django (4-8 yrs)
ham,"Bosch Ltd is looking for : Base Software Developer
"
ham,"AMAZON INDIA PVT LTD is looking for : Business Intelligence Engineer
"
ham,"Hiring process of TCS, Infosys, Accenture & Wipro explained in detail | Top coding job titles that programmers can apply for in 2022!
"
ham,I'm building the outline for our new classes and would like to hear what you'd like to see more or less of.
ham,Link Building Weekly Update - No Changes Detected (smartaitechnologies.com)
ham,New job - Associate Professor - Pathology - Medical College | More jobs matching your Custom Job Alert - Faculty For Preparing Online Offline Video Tutorial
ham,"Top 11 Jobs based on your profile - January 02, 2022"
ham,"New year, New you! Get your MCA online degree"
ham,"Participate in 'Innovate with MongoDB' challenge and get shortlisted to win INR 1,00,000"
ham,10+ Matching Jobs from Top IT/Tech Companies based on your preferences
ham,AMAZON INDIA PVT LTD is looking for : Program Manager
ham,Info Edge and 7 other companies are hiring . APPLY Now!
ham,Freshers Job Fair Consultancy is looking for : Job FAIR.
ham,CANADIAN MNC is looking for : Trainee Automation Developer
ham,Hiring Subject Matter Expert | Work From Home
ham,"Why is 16 GB RAM more expensive than 8 GB? Both nearly have the same amount of metal ...?
"
ham,Happy New Year from Edureka Team
ham," kyndryl india pvt ltd is looking for : Technical Support Professional
"
ham,"Participate in 'Innovate with MongoDB' challenge and get shortlisted to win INR 1,00,000"
ham,10+ Matching Jobs from Top IT/Tech Companies based on your preferences
ham,Meddo Health - Java Developer - Solution Design & Implementation (2-7 yrs)
ham,"New year, new job! These tech giants are on hiring spree for 2022 | Techies, make these 7 coding habits your New Year's Resolution for success"
ham,Junior Embedded Software Engineer at Onward Technologies and 9 more jobs in Bangalore for you. Apply Now
ham,"Fiserv India Pvt Ltd is looking for : Professional, Software Development Engineering
"
ham,"Standard Chartered Bank Ltd is looking for : Head, Finance Operations Digital"
ham,Hiring Subject Matter Expert | Work From Home
ham,Apply Now for Praxis Admission Test - Study at India's #1 Data Science PG Program
ham,Animal Husbandry Startup Grand Challenge 2.0
ham,"Roposo, HARMAN INTERNATIONAL and Fincity jobs for you
"
ham,"ConcertAI, Intel Technology India Pvt Ltd and AstraZeneca Ltd jobs for you
"
ham,"Your job hunt ends here! TCS, Infosys, Wipro, Capgemini, Cognizant are hiring | Talent war: Indian IT firms offering sky-high salaries & 120% hike for these skills"
ham,altisource business solutions pvt ltd. is looking for : Lead Engineer -UI
ham,New job - Associate Professor - Pathology - Medical College | More jobs matching your Custom Job Alert - Faculty For Preparing Online Offline Video Tutorial
ham,Start your career in Data Science with Python Programming Bootcamp-Apply Now
ham,Want permanent WFH? These companies are offering work from home forever! | Freshers! Here's how to ace your tech job interview at Wipro in 2022
ham,
ham,Embedded Software Engineer at Astromeda Space and 9 more jobs in Bangalore for you. Apply Now.
ham,"PathPartner Technology, Ideapoke and FUGENX TECHNOLOGIES jobs for you"
ham,"Microsoft Advertising webcasts you may have missed
"
ham," Top 11 Jobs based on your profile - December 28, 2021"
ham,"Software engineer jobs at Tata Communications; apply here | Omicron fear: When will TCS, Wipro, HCL, Deloitte, Cognizant reopen offices?
"
ham,Don't miss Code-a-Thon! Winners get shortlisted for software job at FarEye
ham,"Top Jobs from Leading IT/Tech Companies like Amazon, Ola, Paytm etc
"
ham,"Analytics Vidhya, AMAZON INDIA PVT LTD and Glance jobs for you
"
ham,HP ENTERPRISE SERVICES is looking for : Storage Technical Consultant
ham,International location jobs you may be interested in
ham,Hiring For Decimal Technologies Pvt. Ltd | Position : Frontend WEB Developer
ham,10+ Matching Jobs from Top IT/Tech Companies based on your preferences
ham,"kyndryl india pvt ltd is looking for : Infrastructure Specialist
"
ham,Cognizant postpones 'Work from Office' plan till April 2022 amid Omicron spread | Job alert! IT giant HCL is hiring across pan India; see how to appl
ham,"Check Out The All-New PGP In DevOps With Purdue University
"
ham,Hiring For Decimal Technologies Pvt. Ltd | Position : Frontend WEB Developer
ham,Job alert! IT giant HCL is hiring across pan India; see how to apply | Dell Technologies is hiring techies for multiple jobs; apply now!
ham,Precily AI - MERN Stack Developer - Single Page Application (1-3 yrs)
ham,"Pattem Digital Technologies, kyndryl india pvt ltd and Analytics Vidhya jobs for you"
ham,Advanced Micronic Devices Ltd is looking for : CPU Architecture & Performance Modeling Engineer
ham,"Microsoft India Pvt Ltd is looking for : Program Manager 2
"
ham,The easiest way to learn Asana (free trainings)
ham,Executive M.Tech in Cybersecurity by PES University – New Program
ham,Don't miss Code-a-Thon! Winners get shortlisted for software job at FarEye
ham, SEVEN CONSULTANCY is looking for : React JS Blockchain Developer
ham,"Importance of continuous learning for working professionals
"
ham,"Pattem Digital Technologies, Glance and ASTRAZENECA PHARMA INDIA LTD jobs for you"
ham,"Rs.570,300 for Embedded Software Developer in Bangalore, India"
ham, Intel Technology India Pvt Ltd is looking for : Senior Software Enginner
ham,Check Out The All-New PGP In DevOps With Purdue University 
ham,Nokia Siemens Networks Ltd is looking for : R&D Engineer
ham,"Capgemini hiring 65,000 employees in India; see how to apply! | What makes a tech resume stand out? It's not certificates or experience
"
